{
"lengthUnit": "mil",
"components": {
	"fields": ["COMPONENT_NO", "COMPONENT_NAME", "LAYER", "X_COORDINATE", "Y_COORDINATE", "ANGLE"],
	"rows": [
		[1, "H1", "T", 579.7, -96.6, 180],
		[2, "RJ4", "T", 1207.67, 293.23, 180],
		[3, "U1", "T", 1449.2, -579.7, 90],
		[4, "U2", "T", 531.38, -1932.28, 0],
		[5, "U3", "T", 579.68, -531.38, 0],
		[6, "U4", "T", -1456.69, -4133.49, 90],
		[7, "U5", "T", 1449.21, -338.15, 90],
		[8, "U6", "T", 1200, -1050, 270],
		[9, "U7", "T", 1449.2, -821.2, 90],
		[10, "U8", "T", 800, -3749.99, 180]
	]
},
"pins": {
	"fields": ["PIN_NO", "PIN_NAME", "PIN_X", "PIN_Y", "LAYER", "PIN_TYPE", "NET_NAME", "NET_TYPE", "PAD_SHAPE", "PAD_SIZEX", "PAD_SIZEY", "HOLE_SIZE", "PAD_ANGLE"],
	"rows": [
		[1, "H1_1", 729.7, -96.6, "T", "DIP", "$1N8", "", "R", 70.87, 70.87, 43.31, 180],
		[2, "H1_1", 729.7, -96.6, "B", "DIP", "$1N8", "", "R", 70.87, 70.87, 43.31, 180],
		[3, "H1_2", 629.7, -96.6, "T", "DIP", "$1N19", "", "C", 70.87, 70.87, 43.31, 180],
		[4, "H1_2", 629.7, -96.6, "B", "DIP", "$1N19", "", "C", 70.87, 70.87, 43.31, 180],
		[5, "H1_3", 529.7, -96.6, "T", "DIP", "$1N18", "", "C", 70.87, 70.87, 43.31, 180],
		[6, "H1_3", 529.7, -96.6, "B", "DIP", "$1N18", "", "C", 70.87, 70.87, 43.31, 180],
		[7, "H1_4", 429.7, -96.6, "T", "DIP", "+5V", "", "C", 70.87, 70.87, 43.31, 180],
		[8, "H1_4", 429.7, -96.6, "B", "DIP", "+5V", "", "C", 70.87, 70.87, 43.31, 180],
		[9, "RJ4_1", 1381.29, 160.16, "T", "DIP", "$1N11", "", "C", 60, 60, 39.37, 180],
		[10, "RJ4_1", 1381.29, 160.16, "B", "DIP", "$1N11", "", "C", 60, 60, 39.37, 180],
		[11, "RJ4_2", 1331.29, 60.16, "T", "DIP", "$1N12", "", "C", 60, 60, 39.37, 180],
		[12, "RJ4_2", 1331.29, 60.16, "B", "DIP", "$1N12", "", "C", 60, 60, 39.37, 180],
		[13, "RJ4_3", 1281.29, 160.16, "T", "DIP", "RJ4_3", "", "C", 60, 60, 39.37, 180],
		[14, "RJ4_3", 1281.29, 160.16, "B", "DIP", "RJ4_3", "", "C", 60, 60, 39.37, 180],
		[15, "RJ4_4", 1231.29, 60.16, "T", "DIP", "+12V", "", "C", 60, 60, 39.37, 180],
		[16, "RJ4_4", 1231.29, 60.16, "B", "DIP", "+12V", "", "C", 60, 60, 39.37, 180],
		[17, "RJ4_5", 1181.29, 160.16, "T", "DIP", "RJ4_5", "", "C", 60, 60, 39.37, 180],
		[18, "RJ4_5", 1181.29, 160.16, "B", "DIP", "RJ4_5", "", "C", 60, 60, 39.37, 180],
		[19, "RJ4_6", 1131.29, 60.16, "T", "DIP", "RJ4_6", "", "C", 60, 60, 39.37, 180],
		[20, "RJ4_6", 1131.29, 60.16, "B", "DIP", "RJ4_6", "", "C", 60, 60, 39.37, 180],
		[21, "RJ4_7", 1081.29, 160.16, "T", "DIP", "RJ4_7", "", "C", 60, 60, 39.37, 180],
		[22, "RJ4_7", 1081.29, 160.16, "B", "DIP", "RJ4_7", "", "C", 60, 60, 39.37, 180],
		[23, "RJ4_8", 1031.29, 60.16, "T", "DIP", "$1N13", "", "R", 60, 60, 39.37, 180],
		[24, "RJ4_8", 1031.29, 60.16, "B", "DIP", "$1N13", "", "R", 60, 60, 39.37, 180],
		[25, "RJ4_9", 1518.7, 526.3, "T", "DIP", "RJ4_9", "", "O", 47.24, 98.42, 74.8, 180],
		[26, "RJ4_9", 1518.7, 526.3, "B", "DIP", "RJ4_9", "", "O", 47.24, 98.42, 74.8, 180],
		[27, "RJ4_10", 896.66, 526.3, "T", "DIP", "RJ4_10", "", "O", 47.24, 98.42, 74.8, 180],
		[28, "RJ4_10", 896.66, 526.3, "B", "DIP", "RJ4_10", "", "O", 47.24, 98.42, 74.8, 180],
		[29, "U1_1", 1449.2, -579.7, "T", "DIP", "+12V", "", "R", 78.74, 78.74, 47.2, 90],
		[30, "U1_1", 1449.2, -579.7, "B", "DIP", "+12V", "", "R", 78.74, 78.74, 47.2, 90],
		[31, "U2_1", 81.38, -1032.28, "T", "DIP", "VCC", "", "C", 60, 60, 36, 0],
		[32, "U2_1", 81.38, -1032.28, "B", "DIP", "VCC", "", "C", 60, 60, 36, 0],
		[33, "U2_2", 81.38, -1132.28, "T", "DIP", "U2_2", "", "C", 60, 60, 36, 0],
		[34, "U2_2", 81.38, -1132.28, "B", "DIP", "U2_2", "", "C", 60, 60, 36, 0],
		[35, "U2_3", 81.38, -1232.28, "T", "DIP", "U2_3", "", "C", 60, 60, 36, 0],
		[36, "U2_3", 81.38, -1232.28, "B", "DIP", "U2_3", "", "C", 60, 60, 36, 0],
		[37, "U2_4", 81.38, -1332.28, "T", "DIP", "U2_4", "", "C", 60, 60, 36, 0],
		[38, "U2_4", 81.38, -1332.28, "B", "DIP", "U2_4", "", "C", 60, 60, 36, 0],
		[39, "U2_5", 81.38, -1432.28, "T", "DIP", "U2_5", "", "C", 60, 60, 36, 0],
		[40, "U2_5", 81.38, -1432.28, "B", "DIP", "U2_5", "", "C", 60, 60, 36, 0],
		[41, "U2_6", 81.38, -1532.28, "T", "DIP", "U2_6", "", "C", 60, 60, 36, 0],
		[42, "U2_6", 81.38, -1532.28, "B", "DIP", "U2_6", "", "C", 60, 60, 36, 0],
		[43, "U2_7", 81.38, -1632.28, "T", "DIP", "U2_7", "", "C", 60, 60, 36, 0],
		[44, "U2_7", 81.38, -1632.28, "B", "DIP", "U2_7", "", "C", 60, 60, 36, 0],
		[45, "U2_8", 81.38, -1732.28, "T", "DIP", "U2_8", "", "C", 60, 60, 36, 0],
		[46, "U2_8", 81.38, -1732.28, "B", "DIP", "U2_8", "", "C", 60, 60, 36, 0],
		[47, "U2_9", 81.38, -1832.28, "T", "DIP", "U2_9", "", "C", 60, 60, 36, 0],
		[48, "U2_9", 81.38, -1832.28, "B", "DIP", "U2_9", "", "C", 60, 60, 36, 0],
		[49, "U2_10", 81.38, -1932.28, "T", "DIP", "U2_10", "", "C", 60, 60, 36, 0],
		[50, "U2_10", 81.38, -1932.28, "B", "DIP", "U2_10", "", "C", 60, 60, 36, 0],
		[51, "U2_11", 81.38, -2032.28, "T", "DIP", "U2_11", "", "C", 60, 60, 36, 0],
		[52, "U2_11", 81.38, -2032.28, "B", "DIP", "U2_11", "", "C", 60, 60, 36, 0],
		[53, "U2_12", 81.38, -2132.28, "T", "DIP", "U2_12", "", "C", 60, 60, 36, 0],
		[54, "U2_12", 81.38, -2132.28, "B", "DIP", "U2_12", "", "C", 60, 60, 36, 0],
		[55, "U2_13", 81.38, -2232.28, "T", "DIP", "U2_13", "", "C", 60, 60, 36, 0],
		[56, "U2_13", 81.38, -2232.28, "B", "DIP", "U2_13", "", "C", 60, 60, 36, 0],
		[57, "U2_14", 81.38, -2332.28, "T", "DIP", "GND", "GND", "C", 60, 60, 36, 0],
		[58, "U2_14", 81.38, -2332.28, "B", "DIP", "GND", "GND", "C", 60, 60, 36, 0],
		[59, "U2_15", 81.38, -2432.28, "T", "DIP", "U2_15", "", "C", 60, 60, 36, 0],
		[60, "U2_15", 81.38, -2432.28, "B", "DIP", "U2_15", "", "C", 60, 60, 36, 0],
		[61, "U2_16", 81.38, -2532.28, "T", "DIP", "U2_16", "", "C", 60, 60, 36, 0],
		[62, "U2_16", 81.38, -2532.28, "B", "DIP", "U2_16", "", "C", 60, 60, 36, 0],
		[63, "U2_17", 81.38, -2632.28, "T", "DIP", "U2_17", "", "C", 60, 60, 36, 0],
		[64, "U2_17", 81.38, -2632.28, "B", "DIP", "U2_17", "", "C", 60, 60, 36, 0],
		[65, "U2_18", 81.38, -2732.28, "T", "DIP", "U2_18", "", "C", 60, 60, 36, 0],
		[66, "U2_18", 81.38, -2732.28, "B", "DIP", "U2_18", "", "C", 60, 60, 36, 0],
		[67, "U2_19", 81.38, -2832.28, "T", "DIP", "+5V", "", "C", 60, 60, 36, 0],
		[68, "U2_19", 81.38, -2832.28, "B", "DIP", "+5V", "", "C", 60, 60, 36, 0],
		[69, "U2_20", 981.38, -2832.28, "T", "DIP", "U2_20", "", "C", 60, 60, 36, 0],
		[70, "U2_20", 981.38, -2832.28, "B", "DIP", "U2_20", "", "C", 60, 60, 36, 0],
		[71, "U2_21", 981.38, -2732.28, "T", "DIP", "U2_21", "", "C", 60, 60, 36, 0],
		[72, "U2_21", 981.38, -2732.28, "B", "DIP", "U2_21", "", "C", 60, 60, 36, 0],
		[73, "U2_22", 981.38, -2632.28, "T", "DIP", "U2_22", "", "C", 60, 60, 36, 0],
		[74, "U2_22", 981.38, -2632.28, "B", "DIP", "U2_22", "", "C", 60, 60, 36, 0],
		[75, "U2_23", 981.38, -2532.28, "T", "DIP", "U2_23", "", "C", 60, 60, 36, 0],
		[76, "U2_23", 981.38, -2532.28, "B", "DIP", "U2_23", "", "C", 60, 60, 36, 0],
		[77, "U2_24", 981.38, -2432.28, "T", "DIP", "U2_24", "", "C", 60, 60, 36, 0],
		[78, "U2_24", 981.38, -2432.28, "B", "DIP", "U2_24", "", "C", 60, 60, 36, 0],
		[79, "U2_25", 981.38, -2332.28, "T", "DIP", "U2_25", "", "C", 60, 60, 36, 0],
		[80, "U2_25", 981.38, -2332.28, "B", "DIP", "U2_25", "", "C", 60, 60, 36, 0],
		[81, "U2_26", 981.38, -2232.28, "T", "DIP", "U2_26", "", "C", 60, 60, 36, 0],
		[82, "U2_26", 981.38, -2232.28, "B", "DIP", "U2_26", "", "C", 60, 60, 36, 0],
		[83, "U2_27", 981.38, -2132.28, "T", "DIP", "$1N10", "", "C", 60, 60, 36, 0],
		[84, "U2_27", 981.38, -2132.28, "B", "DIP", "$1N10", "", "C", 60, 60, 36, 0],
		[85, "U2_28", 981.38, -2032.28, "T", "DIP", "$1N9", "", "C", 60, 60, 36, 0],
		[86, "U2_28", 981.38, -2032.28, "B", "DIP", "$1N9", "", "C", 60, 60, 36, 0],
		[87, "U2_29", 981.38, -1932.28, "T", "DIP", "U2_29", "", "C", 60, 60, 36, 0],
		[88, "U2_29", 981.38, -1932.28, "B", "DIP", "U2_29", "", "C", 60, 60, 36, 0],
		[89, "U2_30", 981.38, -1832.28, "T", "DIP", "U2_30", "", "C", 60, 60, 36, 0],
		[90, "U2_30", 981.38, -1832.28, "B", "DIP", "U2_30", "", "C", 60, 60, 36, 0],
		[91, "U2_31", 981.38, -1732.28, "T", "DIP", "U2_31", "", "C", 60, 60, 36, 0],
		[92, "U2_31", 981.38, -1732.28, "B", "DIP", "U2_31", "", "C", 60, 60, 36, 0],
		[93, "U2_32", 981.38, -1632.28, "T", "DIP", "U2_32", "", "C", 60, 60, 36, 0],
		[94, "U2_32", 981.38, -1632.28, "B", "DIP", "U2_32", "", "C", 60, 60, 36, 0],
		[95, "U2_33", 981.38, -1532.28, "T", "DIP", "U2_33", "", "C", 60, 60, 36, 0],
		[96, "U2_33", 981.38, -1532.28, "B", "DIP", "U2_33", "", "C", 60, 60, 36, 0],
		[97, "U2_34", 981.38, -1432.28, "T", "DIP", "$1N5", "", "C", 60, 60, 36, 0],
		[98, "U2_34", 981.38, -1432.28, "B", "DIP", "$1N5", "", "C", 60, 60, 36, 0],
		[99, "U2_35", 981.38, -1332.28, "T", "DIP", "$1N4", "", "C", 60, 60, 36, 0],
		[100, "U2_35", 981.38, -1332.28, "B", "DIP", "$1N4", "", "C", 60, 60, 36, 0],
		[101, "U2_36", 981.38, -1232.28, "T", "DIP", "U2_36", "", "C", 60, 60, 36, 0],
		[102, "U2_36", 981.38, -1232.28, "B", "DIP", "U2_36", "", "C", 60, 60, 36, 0],
		[103, "U2_37", 981.38, -1132.28, "T", "DIP", "U2_37", "", "C", 60, 60, 36, 0],
		[104, "U2_37", 981.38, -1132.28, "B", "DIP", "U2_37", "", "C", 60, 60, 36, 0],
		[105, "U2_38", 981.38, -1032.28, "T", "DIP", "U2_38", "", "C", 60, 60, 36, 0],
		[106, "U2_38", 981.38, -1032.28, "B", "DIP", "U2_38", "", "C", 60, 60, 36, 0],
		[107, "U3_1", 379.68, -281.37, "T", "DIP", "$1N4", "", "C", 66.93, 66.93, 39.37, 0],
		[108, "U3_1", 379.68, -281.37, "B", "DIP", "$1N4", "", "C", 66.93, 66.93, 39.37, 0],
		[109, "U3_2", 379.68, -381.37, "T", "DIP", "$1N5", "", "C", 66.93, 66.93, 39.37, 0],
		[110, "U3_2", 379.68, -381.37, "B", "DIP", "$1N5", "", "C", 66.93, 66.93, 39.37, 0],
		[111, "U3_3", 379.68, -481.37, "T", "DIP", "VCC", "", "C", 66.93, 66.93, 39.37, 0],
		[112, "U3_3", 379.68, -481.37, "B", "DIP", "VCC", "", "C", 66.93, 66.93, 39.37, 0],
		[113, "U3_4", 379.68, -581.37, "T", "DIP", "GND", "GND", "C", 66.93, 66.93, 39.37, 0],
		[114, "U3_4", 379.68, -581.37, "B", "DIP", "GND", "GND", "C", 66.93, 66.93, 39.37, 0],
		[115, "U3_5", 379.68, -681.37, "T", "DIP", "U3_5", "", "C", 66.93, 66.93, 39.37, 0],
		[116, "U3_5", 379.68, -681.37, "B", "DIP", "U3_5", "", "C", 66.93, 66.93, 39.37, 0],
		[117, "U3_6", 379.68, -781.37, "T", "DIP", "U3_6", "", "C", 66.93, 66.93, 39.37, 0],
		[118, "U3_6", 379.68, -781.37, "B", "DIP", "U3_6", "", "C", 66.93, 66.93, 39.37, 0],
		[119, "U3_7", 779.68, -781.37, "T", "DIP", "U3_7", "", "C", 66.93, 66.93, 39.37, 0],
		[120, "U3_7", 779.68, -781.37, "B", "DIP", "U3_7", "", "C", 66.93, 66.93, 39.37, 0],
		[121, "U3_8", 779.68, -681.37, "T", "DIP", "U3_8", "", "C", 66.93, 66.93, 39.37, 0],
		[122, "U3_8", 779.68, -681.37, "B", "DIP", "U3_8", "", "C", 66.93, 66.93, 39.37, 0],
		[123, "U3_9", 779.68, -581.37, "T", "DIP", "$1N8", "", "C", 66.93, 66.93, 39.37, 0],
		[124, "U3_9", 779.68, -581.37, "B", "DIP", "$1N8", "", "C", 66.93, 66.93, 39.37, 0],
		[125, "U3_10", 779.68, -481.37, "T", "DIP", "+5V", "", "C", 66.93, 66.93, 39.37, 0],
		[126, "U3_10", 779.68, -481.37, "B", "DIP", "+5V", "", "C", 66.93, 66.93, 39.37, 0],
		[127, "U3_11", 779.68, -381.37, "T", "DIP", "$1N19", "", "C", 66.93, 66.93, 39.37, 0],
		[128, "U3_11", 779.68, -381.37, "B", "DIP", "$1N19", "", "C", 66.93, 66.93, 39.37, 0],
		[129, "U3_12", 779.68, -281.37, "T", "DIP", "$1N18", "", "C", 66.93, 66.93, 39.37, 0],
		[130, "U3_12", 779.68, -281.37, "B", "DIP", "$1N18", "", "C", 66.93, 66.93, 39.37, 0],
		[131, "U4_1", -1030.57, -1542.2, "T", "DIP", "U4_1", "", "C", 78.74, 78.74, 36, 270],
		[132, "U4_1", -1030.57, -1542.2, "B", "DIP", "U4_1", "", "C", 78.74, 78.74, 36, 270],
		[133, "U4_2", -916.19, -1543.8, "T", "DIP", "U4_2", "", "C", 78.74, 78.74, 36, 270],
		[134, "U4_2", -916.19, -1543.8, "B", "DIP", "U4_2", "", "C", 78.74, 78.74, 36, 270],
		[135, "U4_3", -812.19, -1542.8, "T", "DIP", "U4_3", "", "C", 78.74, 78.74, 36, 270],
		[136, "U4_3", -812.19, -1542.8, "B", "DIP", "U4_3", "", "C", 78.74, 78.74, 36, 270],
		[137, "U4_4", -698.19, -1541.8, "T", "DIP", "U4_4", "", "C", 78.74, 78.74, 36, 270],
		[138, "U4_4", -698.19, -1541.8, "B", "DIP", "U4_4", "", "C", 78.74, 78.74, 36, 270],
		[139, "U4_9", -345.88, -1325, "T", "DIP", "U4_9", "", "C", 133.86, 133.86, 118.11, 90],
		[140, "U4_9", -345.88, -1325, "B", "DIP", "U4_9", "", "C", 133.86, 133.86, 118.11, 90],
		[141, "U4_10", -1350.88, -1325, "T", "DIP", "U4_10", "", "C", 133.86, 133.86, 118.11, 90],
		[142, "U4_10", -1350.88, -1325, "B", "DIP", "U4_10", "", "C", 133.86, 133.86, 118.11, 90],
		[143, "U4_11", -356.88, -4010, "T", "DIP", "U4_11", "", "C", 133.86, 133.86, 118.11, 90],
		[144, "U4_11", -356.88, -4010, "B", "DIP", "U4_11", "", "C", 133.86, 133.86, 118.11, 90],
		[145, "U4_12", -1356.88, -4015, "T", "DIP", "U4_12", "", "C", 133.86, 133.86, 118.11, 90],
		[146, "U4_12", -1356.88, -4015, "B", "DIP", "U4_12", "", "C", 133.86, 133.86, 118.11, 90],
		[147, "U5_1", 1449.21, -338.15, "T", "DIP", "$1N13", "", "R", 78.74, 78.74, 47.2, 90],
		[148, "U5_1", 1449.21, -338.15, "B", "DIP", "$1N13", "", "R", 78.74, 78.74, 47.2, 90],
		[149, "U6_1", 1514.96, -1049.99, "T", "DIP", "$1N13", "", "R", 118.11, 59.05, 39.37, 270],
		[150, "U6_1", 1514.96, -1049.99, "B", "DIP", "$1N13", "", "R", 118.11, 59.05, 39.37, 270],
		[151, "U6_2", 1416.54, -1049.99, "T", "DIP", "U6_2", "", "R", 118.11, 59.05, 39.37, 270],
		[152, "U6_2", 1416.54, -1049.99, "B", "DIP", "U6_2", "", "R", 118.11, 59.05, 39.37, 270],
		[153, "U6_3", 1298.43, -1049.99, "T", "DIP", "$1N11", "", "R", 118.11, 59.05, 39.37, 270],
		[154, "U6_3", 1298.43, -1049.99, "B", "DIP", "$1N11", "", "R", 118.11, 59.05, 39.37, 270],
		[155, "U6_4", 1200, -1049.99, "T", "DIP", "$1N12", "", "R", 118.11, 59.05, 39.37, 270],
		[156, "U6_4", 1200, -1049.99, "B", "DIP", "$1N12", "", "R", 118.11, 59.05, 39.37, 270],
		[157, "U6_5", 1196, -1601.17, "T", "DIP", "GND", "GND", "R", 118.11, 59.05, 39.37, 270],
		[158, "U6_5", 1196, -1601.17, "B", "DIP", "GND", "GND", "R", 118.11, 59.05, 39.37, 270],
		[159, "U6_6", 1298.42, -1601.18, "T", "DIP", "VCC", "", "R", 118.11, 59.05, 39.37, 270],
		[160, "U6_6", 1298.42, -1601.18, "B", "DIP", "VCC", "", "R", 118.11, 59.05, 39.37, 270],
		[161, "U6_7", 1416.53, -1601.17, "T", "DIP", "$1N9", "", "R", 118.11, 59.05, 39.37, 270],
		[162, "U6_7", 1416.53, -1601.17, "B", "DIP", "$1N9", "", "R", 118.11, 59.05, 39.37, 270],
		[163, "U6_8", 1514.96, -1601.18, "T", "DIP", "$1N10", "", "R", 118.11, 59.05, 39.37, 270],
		[164, "U6_8", 1514.96, -1601.18, "B", "DIP", "$1N10", "", "R", 118.11, 59.05, 39.37, 270],
		[165, "U7_1", 1449.2, -821.2, "T", "DIP", "+5V", "", "R", 78.74, 78.74, 47.2, 90],
		[166, "U7_1", 1449.2, -821.2, "B", "DIP", "+5V", "", "R", 78.74, 78.74, 47.2, 90],
		[167, "U8_1", 1508.66, -4064.95, "T", "DIP", "U8_1", "", "R", 118.11, 118.11, 43.31, 180],
		[168, "U8_1", 1508.66, -4064.95, "B", "DIP", "U8_1", "", "R", 118.11, 118.11, 43.31, 180],
		[169, "U8_2", 1508.66, -3395.66, "T", "DIP", "U8_2", "", "R", 118.11, 118.11, 43.31, 180],
		[170, "U8_2", 1508.66, -3395.66, "B", "DIP", "U8_2", "", "R", 118.11, 118.11, 43.31, 180],
		[171, "U8_3", -46.46, -4064.95, "T", "DIP", "U8_3", "", "R", 118.11, 118.11, 43.31, 180],
		[172, "U8_3", -46.46, -4064.95, "B", "DIP", "U8_3", "", "R", 118.11, 118.11, 43.31, 180],
		[173, "U8_4", -46.46, -3395.66, "T", "DIP", "U8_4", "", "R", 118.11, 118.11, 43.31, 180],
		[174, "U8_4", -46.46, -3395.66, "B", "DIP", "U8_4", "", "R", 118.11, 118.11, 43.31, 180]
	]
}
}